{
  "best_config": {
    "temp": 0.2,
    "tokens": 48
  },
  "best_score": 0.7918608582235427,
  "best_metrics": {
    "pass@1": 0.2482468443197756,
    "edit_similarity": 0.6518661090398082,
    "exact_match": 0.2482468443197756,
    "balanced_score": 0.7918608582235427,
    "total_samples": 2139,
    "passes": 531,
    "temperature": 0.2,
    "max_tokens": 48
  },
  "all_evaluations": [
    {
      "config": {
        "temp": 0.2,
        "tokens": 48
      },
      "metrics": {
        "pass@1": 0.2482468443197756,
        "edit_similarity": 0.6518661090398082,
        "exact_match": 0.2482468443197756,
        "balanced_score": 0.7918608582235427,
        "total_samples": 2139,
        "passes": 531,
        "temperature": 0.2,
        "max_tokens": 48
      }
    }
  ]
}