{
  "best_config": {
    "temp": 0.1,
    "tokens": 56
  },
  "best_score": 0.8161472230297894,
  "best_metrics": {
    "pass@1": 0.26941838649155725,
    "edit_similarity": 0.6155909012638028,
    "exact_match": 0.2697936210131332,
    "balanced_score": 0.8161472230297894,
    "total_samples": 2665,
    "passes": 718,
    "temperature": 0.1,
    "max_tokens": 56
  },
  "all_evaluations": [
    {
      "config": {
        "temp": 0.1,
        "tokens": 56
      },
      "metrics": {
        "pass@1": 0.26941838649155725,
        "edit_similarity": 0.6155909012638028,
        "exact_match": 0.2697936210131332,
        "balanced_score": 0.8161472230297894,
        "total_samples": 2665,
        "passes": 718,
        "temperature": 0.1,
        "max_tokens": 56
      }
    }
  ]
}